user_id,week,total_peaks,total_steps,step_time_mean_sec,step_time_std_sec,step_time_cv_pct,total_duration_sec,num_cycles,cycle_time_mean_sec,cycle_time_std_sec,cycle_time_cv_pct,left_peaks,right_peaks,composite_score,composite_score_norm,step_time_cv_pct_norm,cycle_time_cv_pct_norm,total_duration_sec_norm,total_peaks_norm,composite_score_overall,perf_change_pct_SC,perf_change_pct_STS,perf_change_pct_TUG,perf_change_pct_W,perf_change_pct_overall,percentile_rank_absolute,percentile_rank_improvement
6.454545454545454,6.5,31.53030303030303,31.59090909090909,1.9571455953038845,0.6994595518311414,34.41061010011576,28.525881128435103,31.53030303030303,1.8168903025012786,0.4594084058799225,25.136872378353477,0.0,0.0,58.91049326013584,0.5883603687997015,0.4170590066623678,0.24621005424637124,0.11031493629108134,0.09928397903081443,64.16457843718278,1.101488273943632,0.8608307946365718,-1.262119136472905,0.09370908862046715,0.15331258633494574,56.81818181818182,50.75757575757576
