user_id,week,total_peaks,total_steps,step_time_mean_sec,step_time_std_sec,step_time_cv_pct,total_duration_sec,num_cycles,cycle_time_mean_sec,cycle_time_std_sec,cycle_time_cv_pct,left_peaks,right_peaks,composite_score,composite_score_norm,step_time_cv_pct_norm,cycle_time_cv_pct_norm,total_duration_sec_norm,total_peaks_norm,composite_score_overall,perf_change_pct_STS,perf_change_pct_TUG,perf_change_pct_W,perf_change_pct_overall,percentile_rank_absolute,percentile_rank_improvement
6.5,6.5,10.25,10.25,7.491066730469285,1.7044794192572719,22.750990346013705,29.71655736090635,10.23611111111111,7.40655023705754,2.3594376743191656,28.054867750294584,0.0,0.0,69.33303597568808,0.7015787497986833,0.1613297192464037,0.29842125020131666,0.11980085858642846,0.009493670886075908,63.1062546248223,2.4186853344672397,-1.3901213876581435,0.43779458033512125,0.4967190881710193,54.166666666666664,54.16666666666666
