user_id,week,total_peaks,total_steps,total_duration_sec,num_cycles,IPI_left_mean_sec,IPI_left_std_sec,cadence_left_steps_min,gait_index_left_pct,left_peaks,IPI_right_mean_sec,IPI_right_std_sec,cadence_right_steps_min,gait_index_right_pct,right_peaks,GSI_pct,symmetry_ratio,GA_signed_pct,cadence_total_steps_min,composite_score,composite_score_norm,GSI_pct_norm,symmetry_ratio_norm,cadence_total_steps_min_norm,gait_index_left_pct_norm,gait_index_right_pct_norm,total_duration_sec_norm,total_peaks_norm,composite_score_overall,perf_change_pct_STS,perf_change_pct_TUG,perf_change_pct_W,perf_change_pct_overall,percentile_rank_absolute,percentile_rank_improvement
6.5,6.5,44.97222222222222,0.0,28.22660985375828,0.0,1.3548343253732018,0.5064698656389974,48.1657457720218,35.83668747463677,33.00694444444444,1.3309450027419298,0.3638471143304852,47.943750403068506,27.316888226584314,34.416666666666664,10.896946150157667,0.9115827533947629,-10.920453268110306,96.79728726810009,59.780092991253554,0.5978066887967773,0.5767752826716742,0.42851648990655694,0.4200767993946973,0.44038414240251395,0.4895729353352897,0.10793069112065262,0.15600093764650724,63.1062546248223,2.4186853344672397,-1.3901213876581435,0.43779458033512125,0.4967190881710193,54.166666666666664,54.16666666666666
