user_id,week,total_peaks,total_steps,total_duration_sec,num_cycles,IPI_left_mean_sec,IPI_left_std_sec,cadence_left_steps_min,gait_index_left_pct,left_peaks,IPI_right_mean_sec,IPI_right_std_sec,cadence_right_steps_min,gait_index_right_pct,right_peaks,GSI_pct,symmetry_ratio,GA_signed_pct,cadence_total_steps_min,composite_score,composite_score_norm,GSI_pct_norm,symmetry_ratio_norm,cadence_total_steps_min_norm,gait_index_left_pct_norm,gait_index_right_pct_norm,total_duration_sec_norm,total_peaks_norm,composite_score_overall,perf_change_pct_STS,perf_change_pct_TUG,perf_change_pct_W,perf_change_pct_overall,percentile_rank_absolute,percentile_rank_improvement
6.5,6.5,168.1875,0.0,97.097722446088,0.0,1.1644611556784719,0.23196688723475825,52.72214953510988,19.812196944627253,126.15277777777777,1.1745069188544264,0.19583795137942828,52.19441852480456,16.561626258256126,125.80555555555556,2.0604892155502426,0.9868658821113014,-0.8023927020649233,105.19550910726338,65.02187965315164,0.6547473620661326,0.10902261595691284,0.6032636567961873,0.5855583752058562,0.15753492130388105,0.1942959023088807,0.6566155515625274,0.6758966244725738,63.1062546248223,2.4186853344672397,-1.3901213876581435,0.43779458033512125,0.4967190881710193,54.166666666666664,54.16666666666666
